餐廳名稱,認證別,地區,性質,認證單位,地址,經度,緯度,行政區,類別
泰姬印度餐廳,MR,臺北市,印度料理,中國回教協會,臺北市大安區市民大道四段48巷1號,121.5458381,25.0447151,大安區,穆斯林餐廳
阿布都中東料理,MR,臺北市,中東料理,中國回教協會,臺北市大安區新生南路三段106號2樓之1,121.532835,25.0167919,大安區,穆斯林餐廳
亞瑟蘭印度餐廳,MR,臺北市,印度料理,中國回教協會,臺北市士林區德行西路114號,121.5206697,25.1037911,士林區,穆斯林餐廳
清真泰富豪,MR,臺北市,泰式料理,中國回教協會,臺北市松山區北寧路36號,121.5527725,25.0494732,松山區,穆斯林餐廳
酷思多披薩,MR,臺北市,義大利料理,中國回教協會,臺北市中正區連雲街74-1號,121.5299596,25.0342863,中正區,穆斯林餐廳
張家清真黃牛肉麵館,MR,臺北市,中式料理,中國回教協會,臺北市中正區延平南路21號,121.5107249,25.0457242,中正區,穆斯林餐廳
饗印印度巴基斯坦料理餐廳,MR,臺北市,印度料理,中國回教協會,臺北市信義區基隆路一段366號,121.5608379,25.0355865,信義區,穆斯林餐廳
清真黃牛肉麵館,MR,臺北市,中式料理,中國回教協會,臺北市中正區延平南路23號,121.510751,25.0456689,中正區,穆斯林餐廳
清真昆明園餐廳,MR,臺北市,異國料理,中國回教協會,臺北市松山區復興北路81巷26號,121.5451929,25.0510842,松山區,穆斯林餐廳
阿里巴巴的廚房,MR,臺北市,印度料理,中國回教協會,臺北市中山區南京東路二段56號2樓,121.5298145,25.0518773,中山區,穆斯林餐廳
壹千零壹夜,MR,臺北市,波斯料理,中國回教協會,台北市松山區八德路四段618號2樓,121.573708,25.049785,松山區,穆斯林餐廳
亞瑟蘭印度料理-內湖店,MR,臺北市,中國回教協會,中國回教協會,臺北市內湖區文湖街60巷2號,121.56416,25.0863378,內湖區,穆斯林餐廳
暮娜餐館,MR,臺北市,印度料理,中國回教協會,臺北市中正區延平南路252號,121.5072336,25.0331525,中正區,穆斯林餐廳
原味德里-北車店,MR,臺北市,印度料理,中國回教協會,臺北市中正區北平西路3號2樓,121.5169983,25.0477467,中正區,穆斯林餐廳
登陸土星土耳其咖啡,MFR,臺北市,午晚餐料理,中國回教協會,臺北市大安區永康街75巷14-2號,121.5308155,25.0288107,大安區,穆斯林友善餐廳
真的好海鮮餐廳,MFR,臺北市,海鮮餐-套團餐,中國回教協會,臺北市大安區復興南路一段222號,121.5434675,25.0391999,大安區,穆斯林友善餐廳
炸鷄大獅北市南港一館,MFR,臺北市,速食,中國回教協會,臺北市南港區經貿二路1號,121.6179513,25.0564452,南港區,穆斯林友善餐廳
炸鷄大獅-南港二館,MFR,臺北市,速食,中國回教協會,臺北市南港區經貿二路2號B1,121.6156184,25.0562386,南港區,穆斯林友善餐廳
炸鷄大獅北市南港環球店,MFR,臺北市,速食,中國回教協會,臺北市南港區忠孝東路七段317號B1,121.6038152,25.0517764,南港區,穆斯林友善餐廳
炸鷄大獅-內湖家樂福,MFR,臺北市,速食,中國回教協會,臺北市內湖區民善街88號,121.5743529,25.0591464,內湖區,穆斯林友善餐廳
炸鷄大獅西門桂林店,MFR,臺北市,速食,中國回教協會,臺北市萬華區桂林路1號,121.5058635,25.0378901,萬華區,穆斯林友善餐廳
清真中國牛肉麵食館,MFR,臺北市,中式料理,（大園清真寺）環亞貝爾國際標準驗證有限公司,臺北市大安區延吉街137巷7弄1號,121.5549342,25.0421572,大安區,穆斯林友善餐廳
友善清真水料理食品有限公司,MFR,臺北市,中式料理,(大園清真寺)環亞貝爾國際標準驗證有限公司,臺北市松山區敦化北路155巷17號,121.5509413,25.0541612,松山區,穆斯林友善餐廳
清真中國牛肉麵食館,MFR,臺北市,中式料理,（大園清真寺）環亞貝爾國際標準驗證有限公司,臺北市信義區松高路12號新光三越B2,121.5666624,25.0381676,信義區,穆斯林友善餐廳
Furger 芙格漢堡,MFR,臺北市,素食料理,巴勒克清真產業有限公司,台北市中山區民權東路二段92巷7弄2號第三間 (捷運行天宮4號出口),121.531807,25.0606539,中山區,穆斯林友善餐廳
炸機大獅-信義永吉店,MFR,臺北市,速食,中國回教協會,台北市信義區永吉路30巷119號,121.5688676,25.0430409,信義區,穆斯林友善餐廳
梅居休閒農場,MFR,臺北市,午晚餐,伊斯蘭商務發展有限公司,臺北市士林區平等里平菁街 43 巷 99 號,121.5748083,25.1427814,士林區,穆斯林友善餐廳
炸鷄大獅-公館二店,MFR,臺北市,速食,中國回教協會,台北市中正區羅斯福路四段24巷14號,121.5327486,25.0149222,中正區,穆斯林友善餐廳
茹曦酒店- 茹曦宴會廳 / Sunny 自助餐,MFR,臺北市,早午晚餐/住宿,中國回教協會,"臺北市松山區敦化北路100號1,2樓",121.5485558,25.053227,松山區,穆斯林友善餐廳
茹曦酒店- 茹曦宴會廳 / Sunny 自助餐,MFT,臺北市,早午晚餐/住宿,中國回教協會,"臺北市松山區敦化北路100號1,2樓",121.5485558,25.053227,松山區,穆斯林商旅
臺北晶華酒店 - 中庭餐廳,MFR,臺北市,早午晚餐/住宿,中國回教協會,臺北市中山區中山北路二段39巷3號,121.5242879,25.0541575,中山區,穆斯林友善餐廳
臺北晶華酒店 - 中庭餐廳,MFT,臺北市,早午晚餐/住宿,中國回教協會,臺北市中山區中山北路二段39巷3號,121.5242879,25.0541575,中山區,穆斯林商旅
大地酒店-喜歡廳,MFR,臺北市,早午晚餐/住宿,中國回教協會,臺北市北投區奇岩路1號,121.5069956,25.1350426,北投區,穆斯林友善餐廳
大地酒店-喜歡廳,MFT,臺北市,早午晚餐/住宿,中國回教協會,臺北市北投區奇岩路1號,121.5069956,25.1350426,北投區,穆斯林商旅
臺北圓山大飯店 - 松山軒/松高軒,MFR,臺北市,早午晚餐/住宿,中國回教協會,臺北市中山區中山北路四段1號,121.5260195,25.0781054,中山區,穆斯林友善餐廳
臺北圓山大飯店 - 松山軒/松高軒,MFT,臺北市,早午晚餐/住宿,中國回教協會,臺北市中山區中山北路四段1號,121.5260195,25.0781054,中山區,穆斯林商旅
台北君品大酒店－頤宮中餐廳,MFR,臺北市,早午晚餐/住宿,中國回教協會,臺北市大同區承德路一段3號,121.5172486,25.0492915,大同區,穆斯林友善餐廳
台北君品大酒店－頤宮中餐廳,MFT,臺北市,早午晚餐/住宿,中國回教協會,臺北市大同區承德路一段3號,121.5172486,25.0492915,大同區,穆斯林商旅
北投老爺酒店,MFR,臺北市,住宿/早午晚餐,伊斯蘭商務發展有限公司,臺北市北投區中和街2號,121.503699,25.137558,北投區,穆斯林友善餐廳
北投老爺酒店,MFA,臺北市,住宿/早午晚餐,伊斯蘭商務發展有限公司,臺北市北投區中和街2號,121.503699,25.137558,北投區,穆斯林友善商旅
台北美福大飯店,MFR,臺北市,住宿/早午晚餐,伊斯蘭商務發展有限公司,臺北市中山區樂群二路55號,121.5538588,25.0806345,中山區,穆斯林友善餐廳
台北美福大飯店,MFA,臺北市,住宿/早午晚餐,伊斯蘭商務發展有限公司,臺北市中山區樂群二路55號,121.5538588,25.0806345,中山區,穆斯林友善商旅
台北松山意舍酒店,MFR,臺北市,住宿/早晚餐,伊斯蘭商務發展有限公司,臺北市南港區市民大道七段8號,121.5806301,25.0492616,南港區,穆斯林友善餐廳
台北松山意舍酒店,MFA,臺北市,住宿/早晚餐,伊斯蘭商務發展有限公司,臺北市南港區市民大道七段8號,121.5806301,25.0492616,南港區,穆斯林友善商旅
台北西門町意舍酒店,MFR,臺北市,住宿/早晚餐,伊斯蘭商務發展有限公司,臺北市萬華區武昌街二段77號5樓,121.5055703,25.0451667,萬華區,穆斯林友善餐廳
台北西門町意舍酒店,MFA,臺北市,住宿/早晚餐,伊斯蘭商務發展有限公司,臺北市萬華區武昌街二段77號5樓,121.5055703,25.0451667,萬華區,穆斯林友善商旅
禾順行旅,MFT,臺北市,早餐/住宿,中國回教協會,臺北市萬華區廣州街247號,121.4973343,25.0368989,萬華區,穆斯林商旅
臺北老爺大酒店 - 咖啡廳,MFT,臺北市,早餐/住宿,中國回教協會,臺北市中山區中山北路二段37-1號,121.5229496,25.0537264,中山區,穆斯林商旅
台北萬豪酒店,MFT,臺北市,早餐/住宿,中國回教協會,臺北市中山區樂群二路199號,121.5592994,25.0804289,中山區,穆斯林商旅
春天酒店,MFT,臺北市,早餐/住宿,中國回教協會,臺北市北投區幽雅路18號,121.5136573,25.1377474,北投區,穆斯林商旅
歐華酒店,MFT,臺北市,早餐/住宿,中國回教協會,臺北市中山區林森北路646號,121.5255369,25.0681206,中山區,穆斯林商旅
捷絲旅台北西門町館,MFT,臺北市,早餐/住宿,中國回教協會,臺北市中正區中華路一段41號5樓,121.5095859,25.0450456,中正區,穆斯林商旅
溫拿旅館,MFT,臺北市,早餐/住宿,中國回教協會,臺北市北投區承德路七段380號,121.5026589,25.1188521,北投區,穆斯林商旅
台北凱撒大飯店 - 咖啡園自助餐,MFT,臺北市,早餐/住宿,中國回教協會,臺北市中正區忠孝西路一段38號,121.5164263,25.0461917,中正區,穆斯林商旅
台北福華大飯店 - 花梨軒,MFT,臺北市,早餐/住宿,中國回教協會,臺北市大安區仁愛路三段160號,121.5433012,25.0374704,大安區,穆斯林商旅
台北萬豪酒店-花園餐廳,MFT,臺北市,早餐/住宿,中國回教協會,臺北市中山區樂群二路199號,121.5592994,25.0804289,中山區,穆斯林商旅
捷絲旅台北西門町館-捷食驛,MFT,臺北市,早餐/住宿,中國回教協會,臺北市中正區中華路一段41號5樓,121.5095859,25.0450456,中正區,穆斯林商旅
歐華酒店-地中海牛排館,MFT,臺北市,早餐/住宿,中國回教協會,臺北市中山區林森北路646號,121.5255369,25.0681206,中山區,穆斯林商旅
背包棧旅店台北長春店,MFT,臺北市,早餐/住宿,中國回教協會,臺北市中山區長春路258巷6號2樓,121.5389021,25.0540886,中山區,穆斯林商旅
綺樂文旅-康定館,MFT,臺北市,,中國回教協會,臺北市萬華區康定路32號,121.5026462,25.0439859,萬華區,穆斯林商旅
慕軒飯店-義大利餐廳,MFT,臺北市,早餐/住宿,中國回教協會,臺北市大安區敦化南路一段331號,121.5494185,25.0339868,大安區,穆斯林商旅
綺樂文旅-開封館,MFT,臺北市,,中國回教協會,台北市中正區開封街一段35號1樓,121.5127116,25.0462907,中正區,穆斯林商旅
福泰桔子商務旅館-西門店,MFT,臺北市,早餐/住宿,中國回教協會,台北市萬華區中華路一段166之2號,121.5076194,25.0412846,萬華區,穆斯林商旅
城市商旅-南東館,MFT,臺北市,早餐/住宿,中國回教協會,台北市松山區南京東路五段411號,121.5700091,25.0515103,松山區,穆斯林商旅
丹迪旅店-天母店,MFT,臺北市,早餐/住宿,中國回教協會,台北市士林區中山北路六段728巷2號,121.5280041,25.1148802,士林區,穆斯林商旅
丹迪旅店-大安森林公園店,MFT,臺北市,早餐/住宿,中國回教協會,台北市大安區信義路三段33號,121.5347045,25.0337884,大安區,穆斯林商旅
丹迪旅店-天津店,MFT,臺北市,早餐/住宿,中國回教協會,台北市中山區中山北路一段135巷13號,121.5232949,25.0516198,中山區,穆斯林商旅
喜瑞飯店,MFT,臺北市,早餐/住宿,中國回教協會,台北市中山區長安東路一段64號,121.5293759,25.0478936,中山區,穆斯林商旅
新驛旅店-台北車站一館,MFT,臺北市,早餐/住宿,中國回教協會,台北市中正區懷寧街7號,121.5143005,25.0461689,中正區,穆斯林商旅
新驛旅店-台北車站二館,MFT,臺北市,早餐/住宿,中國回教協會,台北市大同區長安西路81號,121.5166121,25.0511524,大同區,穆斯林商旅
新驛旅店台北車站三館,MFT,臺北市,早餐/住宿,中國回教協會,台北市大同區長安西路77號,121.5167032,25.051078,大同區,穆斯林商旅
新驛旅店-西門捷運店,MFT,臺北市,早餐/住宿,中國回教協會,台北市中正區寶慶路63號,121.509306,25.0418795,中正區,穆斯林商旅
新驛旅店-復興北路店,MFT,臺北市,早餐/住宿,中國回教協會,台北市中山區復興北路338號,121.5439205,25.059574,中山區,穆斯林商旅
水美溫泉會館,MFT,臺北市,早餐/住宿,中國回教協會,台北市北投區光明路224號,121.5050374,25.1361741,北投區,穆斯林商旅
台北109青旅,MFT,臺北市,早餐/住宿,中國回教協會,台北市中正區博愛路36號3樓,121.5112024,25.0460836,中正區,穆斯林商旅
賓王大飯店,MFT,臺北市,早餐/住宿,中國回教協會,台北市大同區南京西路163號3樓,121.5130998,25.0540833,大同區,穆斯林商旅
大來商旅- 桃莉廚房,MFT,臺北市,早餐/住宿,中國回教協會,台北市松山區長春路432號,121.5448882,25.0544472,松山區,穆斯林商旅
台北漢來大飯店,MFT,臺北市,早餐/住宿,中國回教協會,台北市南港區經貿一路168號,121.6200741,25.0576602,南港區,穆斯林商旅
雀客旅館-台北杭州-Rodeo,MFT,臺北市,早餐/住宿,中國回教協會,台北市中正區杭州南路一段12號,121.5254907,25.0400452,中正區,穆斯林商旅
五月家青旅-北車館,MFT,臺北市,早餐/住宿,中國回教協會,台北市中正區忠孝西路一段122號6樓,121.5109629,25.0473842,中正區,穆斯林商旅
艾特文旅-西門町台北,MFT,臺北市,早餐/住宿,中國回教協會,台北市萬華區武昌街二段124-2號4樓,121.5035953,25.0454099,萬華區,穆斯林商旅
承攜行旅-台北重慶館,MFT,臺北市,早餐/住宿,中國回教協會,台北市大同區重慶北路一段62號,121.5138097,25.052007,大同區,穆斯林商旅
同一大飯店,MFT,臺北市,早餐/住宿,中國回教協會,台北市中山區農安街36號,121.5269898,25.064778,中山區,穆斯林商旅
阿樹國際旅店,MFT,臺北市,早餐/住宿,中國回教協會,台北市松山區八德路三路76號4樓,121.5640961,25.0499581,松山區,穆斯林商旅
大地酒店-喜歡廳,MFR,臺北市,早午晚餐/住宿,中國回教協會,臺北市北投區奇岩路1號,121.5069956,25.1350426,北投區,穆斯林友善餐廳
大地酒店-喜歡廳,MFT,臺北市,早午晚餐/住宿,中國回教協會,臺北市北投區奇岩路1號,121.5069956,25.1350426,北投區,穆斯林商旅
臺北圓山大飯店 - 松山軒/松高軒,MFR,臺北市,早午晚餐/住宿,中國回教協會,臺北市中山區中山北路四段1號,121.5260195,25.0781054,中山區,穆斯林友善餐廳
臺北圓山大飯店 - 松山軒/松高軒,MFT,臺北市,早午晚餐/住宿,中國回教協會,臺北市中山區中山北路四段1號,121.5260195,25.0781054,中山區,穆斯林商旅
台北君品大酒店－頤宮中餐廳,MFR,臺北市,早午晚餐/住宿,中國回教協會,臺北市大同區承德路一段3號,121.5172486,25.0492915,大同區,穆斯林友善餐廳
台北君品大酒店－頤宮中餐廳,MFT,臺北市,早午晚餐/住宿,中國回教協會,臺北市大同區承德路一段3號,121.5172486,25.0492915,大同區,穆斯林商旅
北投老爺酒店,MFR,臺北市,住宿/早午晚餐,伊斯蘭商務發展有限公司,臺北市北投區中和街2號,121.503699,25.137558,北投區,穆斯林友善餐廳
北投老爺酒店,MFA,臺北市,住宿/早午晚餐,伊斯蘭商務發展有限公司,臺北市北投區中和街2號,121.503699,25.137558,北投區,穆斯林友善商旅
台北美福大飯店,MFR,臺北市,住宿/早午晚餐,伊斯蘭商務發展有限公司,臺北市中山區樂群二路55號,121.5538588,25.0806345,中山區,穆斯林友善餐廳
台北美福大飯店,MFA,臺北市,住宿/早午晚餐,伊斯蘭商務發展有限公司,臺北市中山區樂群二路55號,121.5538588,25.0806345,中山區,穆斯林友善商旅
洛碁大飯店 中華館,MFA,臺北市,住宿,伊斯蘭商務發展有限公司,臺北市中正區中華路一段41號13樓,121.5095037,25.044987,中正區,穆斯林友善商旅
松河璞旅,MFA,臺北市,住宿,伊斯蘭商務發展有限公司,臺北市松山區松河街112號,121.575086,25.0509098,松山區,穆斯林友善商旅
全家便利商店-大稻埕金慶店,MFS,臺北市,食品,中國回教協會,臺北市大同區南京西路308號1樓,121.5133769,25.0538722,大同區,無
全家便利商店-台北車站重慶店,MFS,臺北市,食品,中國回教協會,臺北市中正區重慶南路一段58號,121.5131118,25.0439414,中正區,無
洛碁大飯店 中華館,MFA,臺北市,住宿,伊斯蘭商務發展有限公司,臺北市中正區中華路一段41號13樓,121.5095037,25.044987,中正區,穆斯林友善商旅
松河璞旅,MFA,臺北市,住宿,伊斯蘭商務發展有限公司,臺北市松山區松河街112號,121.575086,25.0509098,松山區,穆斯林友善商旅
全家便利商店-大稻埕金慶店,MFS,臺北市,食品,中國回教協會,臺北市大同區南京西路308號1樓,121.5133769,25.0538722,大同區,無
全家便利商店-台鐵北店,MFS,臺北市,食品,中國回教協會,臺北市中正區北平西路3號(西北站),121.5176154,25.0468588,中正區,無
全家便利商店-台北車站重慶店,MFS,臺北市,食品,中國回教協會,臺北市中正區重慶南路一段58號,121.5131118,25.0439414,中正區,無
全家便利商店-台北車站富陽店,MFS,臺北市,食品,中國回教協會,臺北市中正區襄陽路7號1樓,121.5158335,25.0436426,中正區,無
全家便利商店-大稻埕甘州店,MFS,臺北市,食品,中國回教協會,臺北市大同區歸綏街181之2號,121.513269,25.0582942,大同區,無
全家便利商店-國父紀念館店,MFS,臺北市,食品,中國回教協會,臺北市大安區光復南路292號,121.5574169,25.0392635,大安區,無
全家便利商店-台北101店,MFS,臺北市,食品,中國回教協會,臺北市信義區市府路45號B1(商場編號53),121.5644443,25.0338211,信義區,無
全家便利商店-東門永康商圈金信店,MFS,臺北市,食品,中國回教協會,臺北市大安區信義路二段104號1樓,121.5275244,25.0337983,大安區,無
清真泰式廚房,MR,新北市,泰式料理,中國回教協會,新北市永和區中興街92號1樓,121.5188094,25.0121851,永和區,穆斯林餐廳
鍋棧精緻養生鍋,MR,新北市,中式料理,中國回教協會,新北市泰山區明志路三段38號,121.4229596,25.0369457,泰山區,穆斯林餐廳
瑪莎拉印度餐廳 板橋店,MR,新北市,印度料理,中國回教協會,新北市板橋區文化路二段476號,121.4751804,25.0328068,板橋區,穆斯林餐廳
瑪莎拉印度餐廳 三芝店,MR,新北市,印度料理,中國回教協會,新北市三芝區北勢子12-7號,121.4745462,25.2552296,三芝區,穆斯林餐廳
地中海私房料理,MR,新北市,地中海料理,中國回教協會,新北市深坑區北深路三段22號,121.6094375,25.0011987,深坑區,穆斯林餐廳
達卡印度廚房,MR,新北市,印度料理,中國回教協會,新北市林口區文化三路一段171號,121.3617764,25.0694403,林口區,穆斯林餐廳
炸鷄大獅-板橋愛買店,MFR,新北市,速食,中國回教協會,新北市板橋區貴興路101號1樓,121.4565754,25.0017921,板橋區,穆斯林友善餐廳
旺旺來亞州咖哩屋,MFR,新北市,午晚餐料理,中國回教協會,新北市中和區華新街23號,121.5076506,24.9851169,中和區,穆斯林友善餐廳
臺北新板希爾頓酒店 - 全日餐廳-悅．市集,MFR,新北市,早午晚餐/住宿,中國回教協會,新北市板橋區民權路88號,121.4624905,25.0113936,板橋區,穆斯林友善餐廳
臺北新板希爾頓酒店 - 全日餐廳-悅．市集,MFT,新北市,早午晚餐/住宿,中國回教協會,新北市板橋區民權路88號,121.4624905,25.0113936,板橋區,穆斯林商旅
福容大飯店新北深坑-福園中餐廳,MFR,新北市,早午晚餐/住宿,中國回教協會,新北市深坑區北深路三段236號,121.6003505,25.0042053,深坑區,穆斯林友善餐廳
福容大飯店新北深坑-福園中餐廳,MFT,新北市,早午晚餐/住宿,中國回教協會,新北市深坑區北深路三段236號,121.6003505,25.0042053,深坑區,穆斯林商旅
福容大飯店淡水漁人碼頭店 - 碧玉廳、翡翠廳、珊瑚廳、水仙廳、百合廳,MFR,新北市,早午晚餐/住宿,中國回教協會,新北市淡水區觀海路83號,121.4151708,25.1824319,淡水區,穆斯林友善餐廳
福容大飯店淡水漁人碼頭店 - 碧玉廳、翡翠廳、珊瑚廳、水仙廳、百合廳,MFT,新北市,早午晚餐/住宿,中國回教協會,新北市淡水區觀海路83號,121.4151708,25.1824319,淡水區,穆斯林商旅
板橋凱撒大飯店 - 蓮花泰式餐廳,MFR,新北市,早午晚餐/住宿,中國回教協會,新北市板橋區縣民大道二段8號,121.4627243,25.0117403,板橋區,穆斯林友善餐廳
板橋凱撒大飯店 - 蓮花泰式餐廳,MFT,新北市,早午晚餐/住宿,中國回教協會,新北市板橋區縣民大道二段8號,121.4627243,25.0117403,板橋區,穆斯林商旅
福隆貝悅大飯店股份有限公司,MFR,新北市,住宿/早午晚餐,伊斯蘭商務發展有限公司,新北市貢寮區福隆街41號,121.9439413,25.0184044,貢寮區,穆斯林友善餐廳
福隆貝悅大飯店股份有限公司,MFA,新北市,住宿/早午晚餐,伊斯蘭商務發展有限公司,新北市貢寮區福隆街41號,121.9439413,25.0184044,貢寮區,穆斯林友善商旅
汐止福泰大飯店,MFR,新北市,住宿/早午晚餐,伊斯蘭商務發展有限公司,新北市汐止區大同路一段128號,121.6313235,25.0549244,汐止區,穆斯林友善餐廳
汐止福泰大飯店,MFA,新北市,住宿/早午晚餐,伊斯蘭商務發展有限公司,新北市汐止區大同路一段128號,121.6313235,25.0549244,汐止區,穆斯林友善商旅
趣淘漫旅台北,MFT,新北市,早餐/住宿,中國回教協會,新北市板橋區中山路一段139號,121.4632118,25.0112692,板橋區,穆斯林商旅
美麗殿商旅,MFT,新北市,餐廳/住宿,中國回教協會,新北市板橋區府中路67號2樓,121.4579417,25.0093084,板橋區,穆斯林商旅
泰旺穆斯林泰式餐廳,AH,新北市,餐廳團套餐,台灣伊斯蘭協會,新北市中和區南華路50號1樓,121.5042767,24.9968049,中和區,無
