餐廳名稱,地址,店長國籍,行政區,經度,緯度,縣市
細記港式麵包專賣店,105台北市松山區南京東路五段291巷6弄2號,香港,松山區,121.5658322,25.0518538,台北
印尼之家,臺北市松山區健康路327號,印尼,松山區,121.5674284,25.0545216,台北
玉莊越南河粉,南京東路五段250巷11號1樓,越南,松山區,121.5659006,25.0496631,台北
民福市場早餐店,民權東路103巷民福臨時自治市場內,中國大陸,松山區,121.589478,25.069512,台北
小琳涼麵河粉,南京東路4段133巷6弄3號,柬埔寨,松山區,121.5546859,25.0513931,台北
煌鑫美食店,八德路4段793號,越南,松山區,121.57855,25.0513135,台北
八方雲集鍋貼店(八德路3段221號),八德路3段221號,中國大陸,松山區,121.5568851,25.0482213,台北
依鼎越式美食,台北市信義區吳興街140號（捷運台北101世貿站走路五分鐘）,越南,信義區,121.5615055,25.0295838,台北
泰福泰式料理,松勤街2號,泰緬華僑,信義區,121.559694,25.0320102,台北
泰緬姊妹小館,&nbsp;吳興街112號,緬甸,信義區,121.5610192,25.0300596,台北
客家牛肉麵粄條,信義路5段150巷277號1樓,中國,信義區,121.5690195,25.0274549,台北
明亮越式小吃,虎林街132巷8號,越南,信義區,121.5766189,25.0404026,台北
香港仔茶水舖,黎平里崇德街22號,香港,信義區,121.5535699,25.0242469,台北
鄧家麵館小火鍋,台北市信義區松山路183號,越南,信義區,121.577989,25.045881,台北
和順鄉雲南特色素食,興雅里基隆路1段147巷5弄46號,中國大陸,信義區,121.5653136,25.0419415,台北
螺絲粉(桂林米粉),五全里永吉路278巷27弄15號,中國大陸,信義區,121.5747195,25.0446899,台北
象廚泰式料理,臺北市信義區基隆路1段147巷9號1樓,泰國,信義區,121.5653136,25.0419415,台北
武鼎越豐越南麵食館,永吉路30巷167弄2號,越南,信義區,121.5688201,25.0418189,台北
溫州鮮餛飩,信義路4段395巷6弄13號,中國大陸,信義區,121.5590792,25.0337851,台北
356美食館,信義路4段395巷6弄11號,越南,信義區,121.5590162,25.0337795,台北
瑞麟美而美早餐店,基隆路1段83巷24號,越南,信義區,121.5653136,25.0419415,台北
Atithi indian restaurant & bar,台北市大安區和平東路三段34號,印度,大安區,121.5475791,25.0243827,台北
吉字雲南美饌,台北市大安區瑞安街75號（安東市場內攤位146）,中國,大安區,121.5411623,25.028225,台北
京北越南河粉麵包,台北市大安區信義路三段192號1樓,越南,大安區,121.543012,25.0331905,台北
小四川 手工水餃麵食館,台北市大安區濟南路三段65-1號,中國,大安區,121.5369455,25.0403034,台北
麗江南洋麵食館,台北市大安區龍泉里雲和街51號,緬甸（雲南華僑）,大安區,121.5290351,25.0236618,台北
雲南小鎮,泰順街40巷38號,緬甸,大安區,121.5295548,25.0241733,台北
雲之泰雲南泰國料理,濟南路三段29之1號,緬甸,大安區,121.5352527,25.0402857,台北
磐石坊,樂利路15號,印尼,大安區,121.5512797,25.0280665,台北
范姜牛肉麵附設攤位,信義路3段107號,越南,大安區,121.5389877,25.0340913,台北
2J caf?,建國南路2段79巷9號,韓國,大安區,121.5383801,25.0309765,台北
越泰豐南洋料理,安居街34巷口,越南,大安區,121.5546041,25.0207956,台北
阿香越南小吃,台北市大安區臨江街110-1號（通化夜市內）,越南,大安區,121.5542672,25.0301412,台北
江蘇菜盒店,忠孝東路3段216巷3弄6號,中國大陸,大安區,121.5381808,25.0417673,台北
梁記大骨麵,台北市中山區龍江路356巷38號,越南,中山區,121.5393754,25.0658462,台北
越南小吃餐車,農安街5號前,越南,中山區,121.5230714,25.0651266,台北
中原早午餐店,中原街30號,中國大陸,中山區,121.5288247,25.0570251,台北
平田屋,林森北路119巷80號1樓,日本,中山區,121.5277892,25.0501642,台北
小樹台越餐館,農安街139號,越南,中山區,121.5306556,25.064894,台北
新紅鍋貼店-八方雲集加盟鍋貼店(天祥路59號),天祥路59號,中國大陸,中山區,121.5209036,25.0633087,台北
新藍鍋貼小吃店-八方雲集鍋貼加盟店(南京西路12巷15號),南京西路12巷15號,中國大陸,中山區,121.5216143,25.0513677,台北
阿清麵飯館,遼寧街108巷12號,越南,中山區,121.5417858,25.0523829,台北
京典越南小吃店,北安路518巷14弄2號,越南,中山區,121.545946,25.079251,台北
千里之外桂林米粉,民生東路2段115巷24號,大陸,中山區,121.537442,25.0576301,台北
陶記越南美味,建國北路2段186巷25號之一,越南,中山區,121.5349539,25.059612,台北
老外一品牛肉麵,吉林路403號,伊朗,中山區,121.5305166,25.0659629,台北
小熊早午餐,臺北市中山區新生里松江路330巷48號,緬甸,中山區,121.5313272,25.0611439,台北
郁婷越南小館,台北市中正區永昌里中華路二段393號,越南,中正區,121.508012,25.0261922,台北
母女的店,羅斯福路3段286巷4弄10號,泰國,中正區,121.531974,25.01589,台北
亞玖商行 RM. MIRASA,北平西路16-1號,印尼,中正區,121.5159562,25.0474207,台北
妙管家飲食店,杭州南路1段111巷50號,越南,中正區,121.5269184,25.0436513,台北
泰國小館,汀州路3段219號,泰國,中正區,121.5337791,25.0141319,台北
韓天閣餐館,羅斯福路4段78巷1弄15號,韓國,中正區,121.5339172,25.0142836,台北
大龍街老牌油飯 重慶酸辣粉,台北市大同區大龍街98號,中國,大同區,121.5159095,25.0665782,台北
福星廣東粥,萬全街32巷8號,越南,大同區,121.5202438,25.0581916,台北
紅姊水餃,雙連街55號,越南,大同區,121.5189995,25.059335,台北
Lisa泰式美食,承德路二段215號1樓,泰國,大同區,121.5184892,25.0598845,台北
小楊素食,揚雅里重慶北路3段113巷大龍街口 (大龍街132號旁大樹下),中國大陸,大同區,121.516563,25.063085,台北
包公府私房麵店,雙連街43號,大陸,大同區,121.51908,25.0589667,台北
麗萍商店,延平北路2段255號之39,印尼,大同區,121.5113703,25.062398,台北
香菘河內烤肉粉專賣店,台北市萬華區華西街35號,越南,萬華區,121.4984512,25.0378714,台北
廣西柳州螺螄粉,台北市萬華區萬大路237巷8號,中國,萬華區,121.5009097,25.0262696,台北
家佳珍台越早午餐,台北市萬華區萬大路65號,越南,萬華區,121.5007623,25.0307889,台北
珍材越式小吃店,台北市萬華區昆明街15之2號,越南,萬華區,121.5058882,25.0464558,台北
香洋1972咖啡輕食屋,青年路36號,中國大陸,萬華區,120.2116145,22.9915548,台北
越窩越好,萬大路187巷1弄17號,越南,萬華區,121.5008651,25.028373,台北
美婆婆,西園路1段258之1號,越南,萬華區,121.2350485,24.9814333,台北
大鼎米粉湯,昆明街208號,越南,萬華區,121.5043064,25.0408055,台北
福州乾拌麵店,貴陽街2段19號,大陸,萬華區,121.5057761,25.0395817,台北
柳州螺螄粉,廣州街175號,中國大陸,萬華區,121.5010778,25.0367487,台北
紅樓肉羹,內江街15號,越南,萬華區,121.5066108,25.0416358,台北
黃順台越小吃店,萬大路65號1樓,越南,萬華區,121.5007623,25.0307889,台北
越南河粉店,東園街28巷51號,越南,萬華區,121.4946875,25.02627,台北
東石順蚵仔煎,西昌街104號,泰國,萬華區,121.5005722,25.0404206,台北
海天香餃店,和平西路3段168號,中國大陸,萬華區,121.4981179,25.0351608,台北
華越美食,台北市文山區指南路二段205號,越南,文山區,121.5786648,24.9870182,台北
西貢越南美食,興隆路3段36巷14弄2號,越南,文山區,121.5551592,24.9999515,台北
161牛肉麵,木柵路1段161號,中國大陸,文山區,121.5711331,24.99168,台北
泰國小普吉,木柵路3段102巷1號,泰國,文山區,121.5675777,24.9883796,台北
越南大食館,保儀路86號,越南,文山區,121.5683725,24.9870662,台北
阿玲越南小吃,台北市文山區木柵路一段322號,越南,文山區,121.557395,24.9884803,台北
暖暖越南料理,台北市南港區興華路6號,越南,南港區,121.6059937,25.0544887,台北
周金水越南素食館,成福路28號,越南,南港區,121.5861877,25.0451591,台北
阿青越南小吃店,南港區興南街47號,越南,南港區,121.6012632,25.0561024,台北
桂花香,舊莊街1段49號,中國福建,南港區,121.6240441,25.0370335,台北
江東小館,舊莊街1段145巷2弄1號,中國、廣東,南港區,121.6240441,25.0370335,台北
劉媽媽便當店,台北市南港區重陽路166巷八號（捷運南港站走路十五分鐘）,中國福建人,南港區,121.6012828,25.0567461,台北
越太太-阿水越南料理餐廳,忠孝東路7段594巷4號,越南,南港區,121.6148596,25.052854,台北
正宗泰國菜,南港路2段123號,泰國,南港區,121.5965468,25.054062,台北
雲泰萊風味館,新民街57號,泰國,南港區,121.4386086,25.1761381,台北
鴻源麵食,台北市內湖區成功路三段187巷5號,中國大陸,內湖區,121.591223,25.0799557,台北
楊姐涼麵,台北市內湖區港墘里陽光街266號（攤位）,中國大陸,內湖區,121.5766183,25.0731285,台北
北海越南美食,台北市內湖區內湖路三段127號,越南,內湖區,121.5901169,25.0867298,台北
北方麵食館,台北市內湖區內湖路一段323巷4弄18號,中國,內湖區,121.567192,25.0827038,台北
劉老太老潼關肉夾饃,台北市內湖區文德路22巷9弄60號,中國,內湖區,121.579175,25.0764839,台北
東湖曾家手工包子,台北市東湖路106巷3號（東湖市場）,中國,內湖區,121.5459451,25.0402484,台北
川香園小館,安湖里東湖路43巷19號,中國大陸,內湖區,121.6136713,25.0696386,台北
鼎越鴻越南美食館,內湖區文德路22巷4弄2號,越南,內湖區,121.5795608,25.0781668,台北
吃吃喝喝MAISON GOURMANDE 法式手工甜點,臺北市內湖區西湖里內湖路1段285號2F/122室,法國,內湖區,121.5683655,25.0823089,台北
泰回味原泰料理,麗山街362-4號,緬甸,內湖區,121.572779,25.0818718,台北
徽姑娘小食堂,瑞光路251號,中國大陸,內湖區,121.5778174,25.0747727,台北
薩爾溫滇緬泰食堂,金湖路339號,緬甸,內湖區,121.6013285,25.0745799,台北
首爾韓食館,內湖路3段18巷3號,韓國,內湖區,121.5929845,25.0847108,台北
鼎香小館,文德路22巷27弄3號,中國大陸,內湖區,121.5797784,25.076786,台北
承記鍋貼店,康寧路3段16巷100號,中國大陸,內湖區,121.6088056,25.0709544,台北
菩提園有機農場,碧山路43號,中國大陸,內湖區,120.6810034,23.9783013,台北
百味麵館,臺北市士林區天玉里天母西路3-59號,中國,士林區,121.529558,25.11871,台北
紅錦越式料理,臺北市士林區德行里福華路132號,越南,士林區,121.5228229,25.1030432,台北
太子麵店,華齡街28號,越南,士林區,121.5195216,25.0833934,台北
幸容越南美食,承德路80巷52號,越南,士林區,121.5216135,25.0832197,台北
露特西亞,中山北路六段446號,法國,士林區,121.5275156,25.1142059,台北
 囍越餐廳,德行東路125號,越南,士林區,121.5289031,25.108011,台北
 玉娟越南小吃,士東路200巷64號,越南,士林區,121.5339158,25.1104967,台北
 東方泰國小館,忠義街44號,泰國,士林區,120.4477043,23.4767641,台北
越南祥記美食,小東街26號,越南,士林區,121.5262537,25.0891952,台北
玫卿越南料理,承德路4段40巷81號,越南,士林區,121.5210462,25.0814942,台北
越之鄉越南美食館,文昌路34號,越南,士林區,121.52164,25.095413,台北
實踐越南小食,台北市北投區中央南路一段25巷4號,越南,北投區,121.5015581,25.1324314,台北
越南小吃,臺北市北投區清江里新市街５５號,中國,北投區,121.502259,25.1325238,台北
337綠豆糕,中央北路4段493號3樓,中國,北投區,121.4690664,25.1283806,台北
佳佳小吃店,知行路289號,越南,北投區,121.4673238,25.1216437,台北
小廚川味牛肉麵,知行路317號,越南,北投區,121.4670408,25.1224243,台北
阿準牛肉河粉,新北市板橋區雙十路三段48號,越南,板橋區,121.4710904,25.0313531,新北
家鄉越南小吃,新北市板橋區仁愛路20號,越南,板橋區,121.4586716,24.9994109,新北
鈺芸越式美食坊(阮H&Y越南美食),新北市新莊區化成路214號,越南,新莊區,121.4657758,25.0465368,新北
賞越食越式料理,新北市新莊區自立街90號,越南,新莊區,121.4547727,25.0452496,新北
宥棧越式美食,新北市新莊區幸福路866號,越南,新莊區,121.4435988,25.0490188,新北
越南南北美食館,新北市新莊區五工路68巷5號,越南,新莊區,121.4581745,25.0639768,新北
美天越南,新北市新莊區五工路68巷7號,越南,新莊區,121.4583821,25.0640601,新北
河內美食館,新北市新莊區五權一路98號,越南,新莊區,121.4596091,25.0675082,新北
飛越石空-正宗越南石鍋河粉,新北市蘆洲區長榮路269巷32號,越南,蘆洲區,121.4593956,25.0860695,新北
涵冰越南小館,新北市永和區永貞路124號,越南,永和區,121.5185849,25.0045267,新北
保平河粉小吃店,新北市永和區保平路49號,越南,永和區,121.5117931,25.0071079,新北
好姐妹越南美食,新北市林口區文化三路二段8之1號,越南,林口區,121.373263,25.078381,新北
愛上越南,新北市新店區民權路125號之1,越南,新店區,121.5356088,24.982674,新北
榛美越南美食館,新北市汐止區福德一路254號,越南,汐止區,121.633353,25.064876,新北
珮晴越式美食,新北市汐止區建成路57巷30號,越南,汐止區,121.6619672,25.0725791,新北
西貢經典美食,新北市三峽區大觀路30號,越南,三峽區,121.375046,24.9451431,新北
紅梅越食堂,新北市鶯歌區南亞路426號,越南,鶯歌區,121.3427262,24.9614967,新北
台越美食坊,新北市淡水區大中街113巷24號,越南,淡水區,121.4879869,25.1718433,新北
金山河內越南料理,新北市金山區環金路39號,越南,金山區,121.6393801,25.2171104,新北
雲族98雲南泰緬風味料理,新北市板橋區文化路一段177-1號,泰國,板橋區,121.4627951,25.0162362,新北
泰晶晶泰式料理餐廳,新北市板橋區雙十路二段18號,泰國,板橋區,121.4764845,25.0269851,新北
泰坊泰式料理,新北市蘆洲區光復路1號,泰國,蘆洲區,121.4620678,25.0841587,新北
泰陽泰式小吃,新北市蘆洲區民族路532號,泰國,蘆洲區,121.4687308,25.089799,新北
暹羅廚房,新北市三重區大同北路15號,泰國,三重區,121.4955061,25.0624365,新北
Halal清真泰式廚房,新北市永和區中興街92號,泰國,永和區,121.5188094,25.0121851,新北
泰北晉國,新北市永和區福和路385號,泰國,永和區,121.514389,25.0074701,新北
異國泰式美饌,新北市永和區中山路一段7號1樓,泰國,永和區,121.5141079,25.0102576,新北
川泰小館,新北市永和區中正路64號,泰國,永和區,121.5136474,24.9948483,新北
泰北料理(和平小館),新北市中和區中和路454號,泰國,中和區,121.5121031,25.0037061,新北
表哥私房菜泰式料理,新北市中和區興南路二段84號,泰/雲,中和區,121.5055783,24.9845722,新北
雲鄉滇泰緬料理,新北市中和區建一路158號,泰國,中和區,121.487497,24.998158,新北
圓泰泰式料理,新北市中和區新生街113號,泰國,中和區,121.483558,25.0019287,新北
泰龍泰式料理,新北市中和區員山路470號,泰國,中和區,121.4798889,25.0065655,新北
泰可愛,新北市中和區大勇街25巷15弄3號,泰國,中和區,121.5158514,24.9935306,新北
興怡簡餐坊,新北市中和區建八路20-2號D棟,泰國,中和區,121.487027,24.9980612,新北
密城雲泰料理,新北市新店區中華路65號,泰國,新店區,121.539643,24.9681197,新北
泰吉城,新北市新店區北新路三段28號,泰/緬,新店區,121.5425306,24.9795648,新北
宮宴小館,新北市新店區北新路三段65巷8號,泰國,新店區,121.5410813,24.9811495,新北
雲膳坊雲泰風味精緻料理,新北市新店區寶中路137號,泰國,新店區,121.5499519,24.9792049,新北
雲之泰,新北市土城區中央路三段92號,泰國,土城區,121.4359279,24.9669403,新北
泰味屋泰式料理,新北市三芝區長安街51號,泰國,三芝區,121.5012263,25.2564325,新北
滇城雲南美食,新北市中和區華新街78號,緬甸,中和區,121.5082805,24.9835606,新北
瑞雲南洋口味,新北市中和區華新街68號,緬甸,中和區,121.5080855,24.9838204,新北
萬得富爸爸肉骨茶,新北市板橋區莒光路18-1號,馬來西亞,板橋區,121.4698697,25.0246586,新北
瑪莎拉印度餐廳,新北市板橋區文化路二段476號,印度,板橋區,121.4751804,25.0328068,新北
旺旺來亞洲咖哩屋,新北市中和區華新街23號,印度,中和區,121.5076506,24.9851169,新北
金鑽亞洲美食,新北市中和區興南路一段183號,印度,中和區,121.5082703,24.986596,新北
達卡印度廚房,新北市林口區文化三路一段171號,印度,林口區,121.3617764,25.0694403,新北
馬友友印度廚房 (海灘餐酒館),新北市三芝區北勢子12-8號,印度,三芝區,121.4745885,25.2551363,新北
萌太利印尼料理、印尼食品,新北市永和區得和路32號,印尼,永和區,121.5156296,25.0001741,新北